{
    "carton": {
        "precision": 0.0,
        "recall": 0.0,
        "f1-score": 0.0,
        "support": 15.0
    },
    "glass": {
        "precision": 0.375,
        "recall": 0.10714285714285714,
        "f1-score": 0.16666666666666666,
        "support": 28.0
    },
    "metal": {
        "precision": 0.20930232558139536,
        "recall": 0.36,
        "f1-score": 0.2647058823529412,
        "support": 25.0
    },
    "paper": {
        "precision": 0.45454545454545453,
        "recall": 0.3409090909090909,
        "f1-score": 0.38961038961038963,
        "support": 44.0
    },
    "plastic": {
        "precision": 0.29411764705882354,
        "recall": 0.2857142857142857,
        "f1-score": 0.2898550724637681,
        "support": 35.0
    },
    "trash": {
        "precision": 0.06451612903225806,
        "recall": 0.2,
        "f1-score": 0.0975609756097561,
        "support": 10.0
    },
    "accuracy": 0.2484076433121019,
    "macro avg": {
        "precision": 0.2329135927029886,
        "recall": 0.2156277056277056,
        "f1-score": 0.20139983111725365,
        "support": 157.0
    },
    "weighted avg": {
        "precision": 0.2972728476236707,
        "recall": 0.2484076433121019,
        "f1-score": 0.2518962303227821,
        "support": 157.0
    }
}