{
    "carton": {
        "precision": 0.0,
        "recall": 0.0,
        "f1-score": 0.0,
        "support": 15.0
    },
    "glass": {
        "precision": 0.0,
        "recall": 0.0,
        "f1-score": 0.0,
        "support": 28.0
    },
    "metal": {
        "precision": 0.20588235294117646,
        "recall": 0.28,
        "f1-score": 0.23728813559322035,
        "support": 25.0
    },
    "paper": {
        "precision": 0.3211009174311927,
        "recall": 0.7954545454545454,
        "f1-score": 0.45751633986928103,
        "support": 44.0
    },
    "plastic": {
        "precision": 0.6,
        "recall": 0.08571428571428572,
        "f1-score": 0.15,
        "support": 35.0
    },
    "trash": {
        "precision": 0.2222222222222222,
        "recall": 0.2,
        "f1-score": 0.21052631578947367,
        "support": 10.0
    },
    "accuracy": 0.29936305732484075,
    "macro avg": {
        "precision": 0.22486758209909855,
        "recall": 0.22686147186147185,
        "f1-score": 0.17588846520866253,
        "support": 157.0
    },
    "weighted avg": {
        "precision": 0.27068612364792427,
        "recall": 0.29936305732484075,
        "f1-score": 0.21285468472594657,
        "support": 157.0
    }
}